سوشل میڈیا پر بحث: کیا پاکستان کو اپنی اسرائیل پالیسی میں تبدیلی لانی چاہیے؟, pakistan
گلگت میں انتخابات میں دھاندلی کے الزامات پر ہنگامے، اپوزیشن کا اظہار لاتعلقی, pakistan
’فوج کی تحویل‘ میں والد سے پہلی ملاقات: ’بابا اب بھی نومبر 2019 میں ہیں، ان کے لیے وقت رُک گیا ہے‘, pakistan
کیا پاکستانی ٹیم کے ساتھ نیوزی لینڈ میں وہی ہو گا جو انڈیا کے ساتھ ہوا, pakistan
26 نومبر سے پاکستان میں تعلیمی ادارے بند، پنجاب کے دفاتر میں 50 فیصد عملے کو کام کی اجازت, pakistan
مہنگی ڈگری کے بغیر بھی آن لائن کمائی ممکن!, pakistan
'مرد اُف تک نہ کرے، یہ کہاں کا انصاف ہے', pakistan
’کورونا کی وجہ سے میرے بچوں کا تعلیمی سال ضائع ہو گیا تو؟‘, pakistan
شمیم اختر: ’ایک گھریلو خاتون جو اپنے خاندان کی پشت پر چٹان بن کر کھڑی رہیں‘, pakistan
نواز شریف کی بہن ماں کی میت کے ہمراہ پاکستان جائیں گی, pakistan
سوشل میڈیا پر بحث: کیا پاکستان کو اپنی اسرائیل پالیسی میں تبدیلی لانی چاہیے؟, pakistan
گلگت میں انتخابات میں دھاندلی کے الزامات پر ہنگامے، اپوزیشن کا اظہار لاتعلقی, pakistan
’فوج کی تحویل‘ میں والد سے پہلی ملاقات: ’بابا اب بھی نومبر 2019 میں ہیں، ان کے لیے وقت رُک گیا ہے‘, pakistan
کیا پاکستانی ٹیم کے ساتھ نیوزی لینڈ میں وہی ہو گا جو انڈیا کے ساتھ ہوا, pakistan
26 نومبر سے پاکستان میں تعلیمی ادارے بند، پنجاب کے دفاتر میں 50 فیصد عملے کو کام کی اجازت, pakistan
مہنگی ڈگری کے بغیر بھی آن لائن کمائی ممکن!, pakistan
'مرد اُف تک نہ کرے، یہ کہاں کا انصاف ہے', pakistan
’کورونا کی وجہ سے میرے بچوں کا تعلیمی سال ضائع ہو گیا تو؟‘, pakistan
شمیم اختر: ’ایک گھریلو خاتون جو اپنے خاندان کی پشت پر چٹان بن کر کھڑی رہیں‘, pakistan
نواز شریف کی بہن ماں کی میت کے ہمراہ پاکستان جائیں گی, pakistan
فرانسیسی حکومت کے احتجاج کے بعد شیریں مزاری کو ٹویٹ ہٹانا پڑی, pakistan
کورونا ایک منافع بخش سیاسی ہتھیار, pakistan
’میاں صاحب سے درخواست کی ہے تدفین کے لیے پاکستان نہ آئیں‘ مریم نواز, pakistan
گذشتہ ہفتے کا پاکستان تصاویر میں, pakistan
آمنہ مفتی کا کالم: لاہور، موسم سرما اور ابن انشا, pakistan
کورونا: کراچی کے پانچ اضلاع میں سمارٹ لاک ڈاؤن، کیلیفورنیا میں رات کا کرفیو نافذ, pakistan
جسٹس وقار احمد سیٹھ: ’جرات مند، نڈر اور آزاد جج‘, pakistan
تحریک لبیک کے نئے سربراہ سعد رضوی کے بارے میں ہم کیا جانتے ہیں؟, pakistan
خادم رضوی کی نمازِ جنازہ میں ہزاروں کی شرکت، بیٹا جانشین مقرر, pakistan
پبلک پرائیوٹ پارٹنرشپ ماڈل، پاکستان کے لیے سود مند یا نقصان دہ؟, pakistan
پنجاب کے ضلع ننکانہ میں فائرنگ: ایک احمدی ڈاکٹر ہلاک، تین زخمی, pakistan
’ایسا مجبور کیا گیا کہ احتجاج کے لیے سینکڑوں میل دور آنا پڑا‘, pakistan
انٹرنیٹ نگرانی کے قواعد: ’حکومت کو ناقدین کے گرد گھیرا تنگ کرنےمیں آسانی ہو گی‘, pakistan
خادم حسین رضوی: ’اختلاف کے باوجود کبھی ان کے مرنے کی خواہش نہیں کی‘, pakistan
‘تکنیکی خرابی بھی انسانی غلطی کی وجہ سے پیدا ہو سکتی ہے‘, pakistan
’اسامہ بن لادن کے مکان سے پشتو اور انڈین گانے ملے‘, pakistan
مشال کیس: مرکزی ملزم کی سزائے موت عمر قید میں تبدیل, pakistan
عمران خان افغانستان میں، دو طرفہ تعلقات میں بہتری کیسے ممکن ہو سکتی ہے؟, pakistan
تحریک لبیک کے سربراہ خادم حسین رضوی وفات پا گئے, pakistan
تحریک لبیک پاکستان کے بانی خادم حسین رضوی کون تھے؟, pakistan
حافظ سعید کو ’کالعدم تنظیم کے لیے فنڈ اکھٹے کرنے‘ پر مزید سزا, pakistan
پاکستانی نژاد امریکی شہری جس کی سخاوت نے سب کے دل موہ لیے, pakistan
’مجھے کہا گیا کہ آپ اللہ اللہ کریں، وکالت میں کیا کر رہی ہیں‘, pakistan
امریکہ میں کورونا کے باعث ڈھائی لاکھ اموات، پاکستان میں بھی دوسری لہر زور پکڑنے لگی, pakistan
بے گھر امریکیوں کا پاکستانی مسیحا خود مشکل میں, pakistan
’آج میں کئی ڈگری ہولڈرز سے زیادہ کماتا ہوں!‘, pakistan
کیا عمران خان اپنے پہلے دورے میں افغانستان کے ساتھ بداعتمادی کی فضا کم کر سکیں گے؟, pakistan
چائلڈ پورنوگرافی: عدالت کا سہیل ایاز کو پھانسی کی سزا دینے کا حکم, pakistan
’ہماری آنکھوں کے سامنے بھائی کو اٹھایا گیا‘, pakistan
برفباری کی وجہ سے سیاحتی مقام پر پھنسے افراد کی واپسی کا کامیاب سفر, pakistan
مذاکرات کی رات تحریک لبیک اور حکومت کے درمیان معاملات کیسے طے پائے؟, pakistan
تشدد کے ملزم حقوقِ نسواں کے ’علمبردار‘ کیسے بن جاتے ہیں؟, pakistan
’جب تک مجھ میں آخری سانس ہے میں اُن کا انتظار کروں گی‘, pakistan
’ملا عمر ایرانی پاکستان میں پولیس سے فائرنگ کے تبادلے میں ہلاک‘, pakistan
انڈین طیارے کی پاکستان میں ہنگامی لینڈنگ, pakistan
’بہن نے ریپ پر مزاحمت کی تو پیٹرول چھڑک کر آگ لگا دی‘, pakistan
کراچی کنگز نے لاہور قلندرز کو پانچ وکٹوں سے شکست دے کر فائنل جیت لیا, pakistan
تحریک لبیک سے معاہدہ: کسی غیر ملکی سفیر کو کن وجوہات پر بے دخل کیا جا سکتا ہے؟, pakistan
’سینیٹ انتخابات میں ووٹنگ کا طریقہ کار بدلنے کے لیے آئینی ترمیم لائیں گے‘, pakistan
بختاور بھٹو کے ہونے والے منگیتر محمود چوہدری کون ہیں؟, pakistan
گلگت بلتستان انتخابات: کیا تحریک انصاف کو وہ کامیابی نہیں مل پائی جس کی توقع تھی؟, pakistan
’رمیز بھائی کی بہت عزت۔۔۔ مگر کسی کے کہنے پر کرکٹ نہیں چھوڑوں گا‘, pakistan
’یہ فلم ہم کئی بار دیکھ چکے ہیں، آگے بھی دیکھتے رہیں گے‘, pakistan
’مسئلہ میری بیوی میں نہیں مجھ میں ہے اور اب میں اپنا علاج کروا رہا ہوں‘, pakistan
سجاد باجوہ: ’وزیراعظم سمیت طاقتور عناصر شوگر مافیا کو بچانا، فائدہ دینا چاہتے تھے‘, pakistan
فیض آباد دھرنا ختم: حکومتی ’معاہدے‘ کے بعد ٹریفک اور موبائل سروس بحال, pakistan
’اگر میں بیٹیوں کا باپ نہ ہوتا تو شاید اتنا پراگریسیو نہ ہوتا‘, pakistan
یہ دھرنا بھی کیا دھرنا تھا؟, pakistan
مریم کا گلگت بلتستان انتخابات میں دھاندلی کا الزام، بلاول کی ’اسلام آباد جانے‘ کی دھمکی, pakistan
’دھندہ دشمن‘ حکومت, pakistan
تحریک لبیک کے کارکن فیض آباد تک پہنچنے میں کیسے کامیاب ہوئے؟, pakistan
عمران خان: ہم نے جلسے جلوسوں پر پابندی لگا دی ہے امید ہے باقی بھی یہی کریں گے, pakistan
’مجھے لگا کہ اتنی برفباری اور اندھیری رات میں شاید ہم بچ نہ پائیں‘, pakistan
’خاتون کو قتل کرنے کا حکم دینے والے جرگہ کے تین رکن گرفتار‘, pakistan
کراچی سے تعلق رکھنے والے القاعدہ برصغیر کے نائب سربراہ محمد حنیف کون تھے؟, pakistan
’مشکل وقت میں اگر ڈپلومہ نہ ہوتا تو مجھے نوکری نہ ملتی‘, pakistan
’لالہ آئی ایم سوری‘, pakistan
وسعت اللہ خان کا کالم: ’اب تو پیوند لگانے کی بھی گنجائش نہیں رہی‘, pakistan
آمنہ مفتی کا کالم: انکل نے یہاں بدتمیزی کی ہے!, pakistan
کیا محمد علی جناح نے اپنی اکلوتی بیٹی کو عاق کردیا تھا؟, pakistan
بلوچستان کی باہمت خاتون نے 350 کلومیٹر پیدل مارچ کیوں کیا؟, pakistan
انڈیا پاکستان میں دہشتگردی کروا رہا ہے، ہمارے پاس ناقابلِ تردید شواہد ہیں: پاکستان, pakistan
پاکستان میں نئی کمپنیوں کی رجسٹریشن میں اضافے کی وجوہات کیا ہیں؟, pakistan
’نئے مکان میں تین روز ہی گزرے تھے، فائرنگ میں سب کچھ تباہ ہو گیا‘, pakistan
’رانا صاحب پہنچ تو گئے ہیں، اتنی ہی جلدی واپس نہ جانا پڑے‘, pakistan
پاکستان میں مسلسل دوسرے روز دو ہزار سے زیادہ نئے مریض, pakistan
بی اماں، محمد علی کی ۔۔۔, pakistan
جسٹس وقار احمد سیٹھ ’جن کا دل بہت بڑا اور بے خوف رہتا تھا`, pakistan
انڈیا اور پاکستان کا ایک دوسرے پر لائن آف کنٹرول پر سیز فائر کی خلاف ورزی کا الزام, pakistan
کشمور میں ماں اور کمسن بیٹی کے ریپ کا ملزم ’فائرنگ کے تبادلے میں ہلاک‘, pakistan
عاصم باجوہ آج بھی بہت کارآمد ثابت ہو رہے ہیں: اسد عمر, pakistan
’پہلے کہتے ہیں یہ تو بس روتی رہتی ہیں، جب رلاتی ہوں تو برداشت نہیں ہوتا‘, pakistan
پرچم اتارنے کے جرم میں گرفتار برطانوی شہری کی حراست پر بورس جانسن کے تحفظات, pakistan
حسن ناصر: قلعہ لاہور کا کمیونسٹ قیدی جس کی لاش کبھی نہ ملی, pakistan
وائرل ویڈیو میں چار سالہ بچی کو ’سنا تو میں کانپنے اور رونے لگی ‘, pakistan
انتہائی مطلوب افراد کی فہرست میں شامل الطاف حسین کو گرفتار کرنے کی ہدایت, pakistan
تھر کی ’پبلک پراپرٹی‘ سوجیو بیل کی مبینہ چوری اور پرتپاک استقبال, pakistan
فوج سے بات ہو سکتی ہے لیکن عوام کے سامنے، چھپ چھپا کر نہیں: مریم نواز, pakistan
’دو گھنٹے کے سکول سے زیادہ مجھے اپنے بچے کی جان عزیز ہے‘, pakistan
جہاں عورت کے ووٹ ڈالنے پر چار قتل ہوئے، وہاں سعدیہ نے الیکشن لڑنے کی جرات کیسے کی؟, pakistan
دولت اسلامیہ کی طرف سے ٹرمپ کو دھمکانے والا امریکی بچہ, World
دوحا ایئرپورٹ پر کوڑے دان سے ملنے والی بچی کے والدین کی شناخت ہو گئی, World
ٹرمپ انتظامیہ کا اقتدار کی منتقلی کے عمل کا آغاز کرنے کا اعلان, World
اسرائیلی وزیر اعظم اور سعودی ولی عہد کی ملاقات کی خبریں، سعودی عرب کی جانب سے تردید, World
’پہلے شدت پسندوں کے لیے اسلحے سے بھرا ٹرک چلاتا تھا، اب سکول بس‘, World
فرانس کے سیکولرازم میں مسلمانوں کے لیے جگہ ہے یا نہیں؟, World
پوتن نے ابھی تک جو بائیڈن کو مبارکباد کیوں نہیں دی؟, World
نواز شریف کی بہن ماں کی میت کے ہمراہ پاکستان جائیں گی, World
فرانسیسی حکومت کے احتجاج کے بعد شیریں مزاری کو ٹویٹ ہٹانا پڑی, World
’میاں صاحب سے درخواست کی ہے تدفین کے لیے پاکستان نہ آئیں‘ مریم نواز, World
دولت اسلامیہ کی طرف سے ٹرمپ کو دھمکانے والا امریکی بچہ, World
دوحا ایئرپورٹ پر کوڑے دان سے ملنے والی بچی کے والدین کی شناخت ہو گئی, World
ٹرمپ انتظامیہ کا اقتدار کی منتقلی کے عمل کا آغاز کرنے کا اعلان, World
اسرائیلی وزیر اعظم اور سعودی ولی عہد کی ملاقات کی خبریں، سعودی عرب کی جانب سے تردید, World
’پہلے شدت پسندوں کے لیے اسلحے سے بھرا ٹرک چلاتا تھا، اب سکول بس‘, World
فرانس کے سیکولرازم میں مسلمانوں کے لیے جگہ ہے یا نہیں؟, World
پوتن نے ابھی تک جو بائیڈن کو مبارکباد کیوں نہیں دی؟, World
نواز شریف کی بہن ماں کی میت کے ہمراہ پاکستان جائیں گی, World
فرانسیسی حکومت کے احتجاج کے بعد شیریں مزاری کو ٹویٹ ہٹانا پڑی, World
’میاں صاحب سے درخواست کی ہے تدفین کے لیے پاکستان نہ آئیں‘ مریم نواز, World
ترکی کے وزیر خزانہ کا استعفی: کیا اردوغان کے داماد باغی ہو گئے ہیں؟, World
خلا سے گِرنے والا پتھر جو 18 لاکھ ڈالر میں فروخت نہ ہوسکا, World
مائیک ٹائسن: پرس چھیننے سے حریف باکسر کا کان چبانے تک, World
امریکی صدر جان کینیڈی کو کس نے مارا؟ بحث آج بھی جاری, World
کورونا: کراچی کے پانچ اضلاع میں سمارٹ لاک ڈاؤن، کیلیفورنیا میں رات کا کرفیو نافذ, World
امریکی صدارتی انتخاب: کیا ڈونلڈ ٹرمپ نتائج کو الٹ سکتے ہیں؟, World
نرس اریما نسرین کی یاد میں سکالرشپ کا آغاز, World
جی 20: سعودی عرب کے معاملے میں انسانی حقوق کے مسائل کو بھلایا نہیں جا سکتا, World
فرانس: مسلم رہنماؤں کو ’جمہوری اقدار‘ کی حمایت کے لیے 15 دن کی مہلت, World
امریکہ میں پہلی مسلم خاتون میئر جن کی ’کراچی سے خاص دلی وابستگی‘, World
نیروبی کی بلیک مارکیٹ جہاں بچوں کو 300 پاؤنڈ میں بیچا جا رہا ہے, World
احتیاط ورنہ آنکھیں نکال لیں گے: چین کی دھمکی, World
انڈونیشیا: پلاسٹک کی بوتلوں سے نایاب طوطے برآمد, World
برطانیہ کی نئی ’نیشنل سائبر فورس‘ کا کیا کام ہے؟, World
انقرہ، ریاض میں کشیدگی سے مشرقِ وسطیٰ، شمالی افریقہ میں ترک تجارت کو خطرہ, World
جب مظاہرین نے پولیس ہیڈکوارٹر کو رنگ میں نہلا دیا, World
خانہ کعبہ کا محاصرہ: 41 سال پہلے کیا ہوا تھا؟, World
پاکستانی نژاد امریکی شہری جس کی سخاوت نے سب کے دل موہ لیے, World
امریکہ میں کورونا کے باعث ڈھائی لاکھ اموات، پاکستان میں بھی دوسری لہر زور پکڑنے لگی, World
بے گھر امریکیوں کا پاکستانی مسیحا خود مشکل میں, World
1000 گول کرنے والا فٹبالر جسے لیاری والے دیوتا مانتے ہیں, World
برطانیہ: 2030 سے پیٹرول اور ڈیزل والی نئی گاڑیوں پر پابندی ہو گی, World
ٹرمپ کے جانے کے بعد بائیڈن ایران پالیسی میں کیا تبدیلیاں لاسکتے ہیں؟, World
مذاکرات کی رات تحریک لبیک اور حکومت کے درمیان معاملات کیسے طے پائے؟, World
خاتون جنھوں نے نیوزی لینڈ پولیس میں حجاب متعارف کرانے میں مدد کی, World
امریکہ کے خفیہ ادارے اضطراب کا شکار کیوں ہیں؟, World
کام پر مسلمان خاتون سے ملنے کے بعد ’مسلمانوں سے متعلق کئی غلط فہمیاں دور ہوئیں‘, World
جنسی استحصال کے الزامات کے بعد لارڈ نذیر برطانوی پارلیمان سے ریٹائر, World
کملا ہیرس سے متعلق نفرت انگیز مواد شائع ہونے پر فیس بک کے نظام پر پھر سے سوال, World
خاتون جس نے دو انسانی سروں کو بیگ میں ڈال کر طیارے میں سفر کیا, World
تحریک لبیک سے معاہدہ: کسی غیر ملکی سفیر کو کن وجوہات پر بے دخل کیا جا سکتا ہے؟, World
ٹرمپ افغانستان اور عراق میں تعینات ’مزید امریکی فوجیوں کو وطن واپس لائیں گے‘, World
صدارتی استثنیٰ کے خاتمے کے بعد ٹرمپ کو کن مقدمات کا سامنا ہو گا؟, World
فرانس اسلامی شدت پسندوں کے حملوں کا نشانہ کیوں بن رہا ہے؟, World
یورپ کا جان لیوا سفر اور کرد خاندان کی ہلاکت کی غمزدہ کر دینے والی کہانی, World
دنیا کے سب سے بڑے تجارتی اتحاد آر سی ای پی میں ایسی خاص بات کیا ہے؟, World
شمالی کوریا لوگوں کو سگریٹ نوشی ترک کروانے کے لیے کیا کر رہا ہے؟, World
ہر دس میں سے چار افراد اپنی فیملی سے مالی معاملات چھپاتے ہیں, World
کورونا وائرس ویکسین پر تحقیق: شمالی کوریا اور روس کے ہیکرز کے سائبر حملے, World
مشیگن کے وہ ’مردہ ووٹرز’ جو ابھی بھی زندہ ہیں, World
القاعدہ کے رہنما کی تہران میں ہلاکت پر ایران کی تردید, World
پاکستان میں مسلسل دوسرے روز دو ہزار سے زیادہ نئے مریض, World
ریکوڈک: حکم امتناع کی شرائط پوری نہ کرنے پر پاکستان کو تین ارب ڈالر جرمانے کا سامنا, World
بالآخر چین کی جو بائیڈن کو مبارکباد، روس کی طرف سے خاموشی, World
سعودی عرب کا تیل کی تنصیبات پر حملہ ناکام بنانے کا دعویٰ, World
امریکی صدارتی انتخاب کا ڈراپ سین کب ہو گا؟, World
قرآن نذرآتش کرنے کا منصوبہ بنانے والے پانچ افراد بیلجیئم سے بےدخل, World
یہ سونے کا کتا آپ کو صرف ترکمانستان میں نظر آئے گا, World
زوم میٹنگ کے دوران برہنہ ہونے والا صحافی ملازمت سے برخاست, World
ٹرمپ کابینہ میں اکثریت سفید فام مرد تھے، بائیڈن کابینہ کیسی ہو گی؟, World
امریکی الیکشن: بائیڈن کی جیت، خلیجی ممالک کو نئی حقیقت کا سامنا, World
جسم فروشی: ایک ’روحانی‘ حلف ہے جو عورتوں کو اپنے سمگلروں کے نام لینے سے روکتا ہے, World
’ایران کے پاس مقررہ حد سے 12 گنا زیادہ افزودہ یورینیم موجود ہے‘, World
’گلاب کی روح‘ دو کروڑ 66 لاکھ ڈالر میں نیلام, World
سٹیسی ابرامز: جو بائیڈن کی فتح میں کلیدی کردار ادا کرنے والی سیاہ فام خاتون, World
لاکھوں آبی نیولوں کو تلف کرنے کے حکم نے ڈنمارک کو دہلا دیا, World
وائٹ ہاؤس سے رخصتی کے بعد صدر ٹرمپ مستقبل میں کیا کیا کر سکتے ہیں؟, World
جدہ میں پہلی عالمی جنگ کی یادگاری تقریب میں ’بم دھماکہ‘، چار غیر ملکی زخمی, World
فلسطین کے دو ریاستی حل کے حامی رہنما صائب عریقات کون تھے؟, World
احسن اقبال کا ٹویٹ پوسٹ کرنے پر امریکی سفارتخانے کی معافی, World
وہ رات جب انڈیا کے امیر ترین شخص نے آئی پی ایل پھر سے جیت لی, World
جو بائیڈن: ٹرمپ کا شکست تسلیم نہ کرنا ’شرمندگی‘ کا باعث ہے, World
کورونا نیوٹن: اگر کسی کا نام ہی کورونا ہو تو وہ کیا کرے, World
ٹرمپ نے وائٹ ہاؤس چھوڑنے سے انکار کر دیا تو کیا ہو گا؟, World
برطانیہ ’کورونا ویکسین کی فراہمی کے لیے تیار‘، پاکستان کے نئی ویکسین پر تحفظات, World
آذربائیجان، آرمینیا امن معاہدے پر کہیں جشن، کہیں مظاہرے, World
ٹرمپ کا استثنیٰ ختم ہونے کو، مقدمات کی تلوار سر پر, World
روس کے تعاون سے آذربائیجان اور آرمینیا کے درمیان امن معاہدہ, World
جو بائیڈن صدر کا عہدہ سنبھالنے کے بعد سب سے پہلے کیا کریں گے؟, World
صدر ٹرمپ کے ساتھ گزرا وہ دن جب وہ انتخاب ہارے, World
شمالی کوریا کے ’سرکاری ہوٹل‘ اندر سے کیسے لگتے ہیں؟, World
لیون شوٹنگ: پادری پر حملہ معاشقے کی وجہ سے ہوا, World
آذربائیجان کا قرہباخ کے اہم شہر پر قبضے کا دعویٰ, World
متحدہ عرب امارات:رواداری کے فروغ کے لیے قانونی اصلاحات متعارف, World
امریکی صدارتی انتخاب 2020: ڈونلڈ ٹرمپ کو شکست کیوں ہوئی؟, World
وہ پانچ وجوہات جو بائیڈن کی فتح کا سبب بنیں, World
بائیڈن کی جیت کا دنیا کے باقی ممالک پر کیا اثر پڑے گا؟, World
کاہلوں اور لفنگوں کا یورپی شہر, World
ایسا صدر بنوں گا جو لوگوں کو تقسیم کرنے کے بجائے انھیں متحد کرے: جو بائیڈن, World
بائیڈن امریکہ کے 46ویں صدر منتخب، اب آگے کیا ہو گا؟, World
کیا پاکستانی ٹیم کے ساتھ نیوزی لینڈ میں وہی ہو گا جو انڈیا کے ساتھ ہوا, Khel
مائیک ٹائسن: پرس چھیننے سے حریف باکسر کا کان چبانے تک, Khel
کرکٹ کے پہلے سپر سٹار اور جدید بیٹنگ کے تخلیق کار جنھیں آؤٹ ہونا سخت ناپسند تھا, Khel
1000 گول کرنے والا فٹبالر جسے لیاری والے دیوتا مانتے ہیں, Khel
مگر قلندرز پھر سے ’قلندر‘ بن گئے, Khel
انگلش ٹیم ’اکتوبر 2021 میں پاکستان کا دورہ کرے گی‘, Khel
کراچی کنگز نے لاہور قلندرز کو پانچ وکٹوں سے شکست دے کر فائنل جیت لیا, Khel
’رمیز بھائی کی بہت عزت۔۔۔ مگر کسی کے کہنے پر کرکٹ نہیں چھوڑوں گا‘, Khel
فواد رانا: میں لاہوری ہوں سب کو میرے موڈ کا پتا ہے, Khel
’کراچی جیتے یا لاہور، نمبر ون ہے کوئی اور‘, Khel
کیا پاکستانی ٹیم کے ساتھ نیوزی لینڈ میں وہی ہو گا جو انڈیا کے ساتھ ہوا, Khel
مائیک ٹائسن: پرس چھیننے سے حریف باکسر کا کان چبانے تک, Khel
کرکٹ کے پہلے سپر سٹار اور جدید بیٹنگ کے تخلیق کار جنھیں آؤٹ ہونا سخت ناپسند تھا, Khel
1000 گول کرنے والا فٹبالر جسے لیاری والے دیوتا مانتے ہیں, Khel
مگر قلندرز پھر سے ’قلندر‘ بن گئے, Khel
انگلش ٹیم ’اکتوبر 2021 میں پاکستان کا دورہ کرے گی‘, Khel
کراچی کنگز نے لاہور قلندرز کو پانچ وکٹوں سے شکست دے کر فائنل جیت لیا, Khel
’رمیز بھائی کی بہت عزت۔۔۔ مگر کسی کے کہنے پر کرکٹ نہیں چھوڑوں گا‘, Khel
فواد رانا: میں لاہوری ہوں سب کو میرے موڈ کا پتا ہے, Khel
’کراچی جیتے یا لاہور، نمبر ون ہے کوئی اور‘, Khel
کیا ڈیرن سیمی کی دل گرفتگی زلمی کو لے ڈوبی؟, Khel
’رانا صاحب پہنچ تو گئے ہیں، اتنی ہی جلدی واپس نہ جانا پڑے‘, Khel
پاکستان سپر لیگ کے آخری مرحلے کے لیے تیاریاں مکمل, Khel
پاکستانی کرکٹ ٹیم میں شامل ہونے والے نئے چہرے کون ہیں, Khel
وہ رات جب انڈیا کے امیر ترین شخص نے آئی پی ایل پھر سے جیت لی, Khel
پاکستان کی کپتانی کا میوزیکل چیئر گیم اور بابر اعظم کا ستارہ, Khel
پاکستان بمقابلہ زمبابوے: پاکستان نے دوسرا ٹی 20 میچ بھی جیت لیا, Khel
عثمان قادر، وہ وعدہ جو وفا ہوا, Khel
پاکستان بمقابلہ زمبابوے: ’اب کپتان چامو چبھابھا پھیکے نہ پڑیں تو اور کیا کریں‘, Khel
گول کرنے کا کوئی موقع ضائع نہ کرنے والے رشید جونیئر وفات پا گئے, Khel
خوش بختی سے خجالت تک، چار ہی گیندوں میں, Khel
زمبابوے کی قسمت کب کھلے گی؟, Khel
پاکستانی امپائر علیم ڈار کا ایک اور عالمی ریکارڈ, Khel
ٹیلر کی کہانی کا ’اینٹی کلائمیکس‘, Khel
پاکستانی بلے بازوں کے رن آؤٹ پر مایوسی بھی، مزاح بھی, Khel
گلی محلے کی کرکٹ کی پُرانی چالاکی یورپی لیگ میں بھی کام آ گئی!, Khel
لکھنؤ ٹیسٹ میں پاکستان کی فتح، اندرا گاندھی کا طنزیہ جملہ اور بیگم اختر کی گائیکی, Khel
’ناقابلِ تسخیر‘ حبیب نورمحمدوف ریٹائر، رونالڈو، مکگریگر کا خراجِ تحسین, Khel
کرکٹر ناصر جمشید نے برطانیہ بدری کے خلاف اپیل دائر کر دی, Khel
بمرا، آرچر کو شعیب اختر سے ’زیادہ تیز رفتار‘ کہنے پر سوشل میڈیا صارفین برہم کیوں؟, Khel
دنیائے فٹبال کے شہنشاہ ’پیلے‘ جنھیں برازیل نے ’قومی خزانہ‘ قرار دیا, Khel
نادیہ سیفائر: جنسی ہراس کا سامنا کرنے والی برطانوی خاتون ریسلر, Khel
49 سال قبل جب پاکستان ہاکی کا عالمی چیمپیئن بنا, Khel
زمبابوے کے خلاف سکواڈ میں شعیب ملک، سرفراز جگہ نہ بنا سکے, Khel
عمر گل کی ریٹائرمنٹ: ’یارکر کنگ جس نے کبھی مایوس نہیں کیا‘, Khel
قومی ٹی ٹوئنٹی مقابلے میں ’بک میکر کا کھلاڑی سے رابطہ‘, Khel
اعظم خان: والد کی طرح بولرز کے ساتھ بے رحمانہ سلوک, Khel
’یہ وزیراعظم کے ساتھ ملاقات کی سزا نہیں بلکہ ایک پیشہ ورانہ فیصلہ ہے‘, Khel
قومی ٹی ٹوئنٹی ٹیم میں اوپنر کی جگہ پانے کے لیے کھلاڑیوں میں سخت مقابلہ, Khel
رافیل نڈال نے 13ویں مرتبہ فرنچ اوپن ٹائٹل اپنے نام کر لیا, Khel
’کوہلی کی اننگز پر اب سب انوشکا کا شکریہ ادا کریں‘, Khel
جب ضیا الحق نے بھولو برادران کے انڈیا جانے پر پابندی عائد کر دی, Khel
کیا سرفراز احمد اپنے کریئر کے اہم موڑ پر کھڑے ہیں؟, Khel
پاکستان کی تیز ترین ٹی ٹوئنٹی سنچری بنانے والے خوشدل شاہ, Khel
سہیل عباس کا وہ تاریخی گول جب گیند نہ کیپر کو نظر آئی نہ امپائر کو, Khel
’مشکلات میں گھری‘ بہنیں جو سکواش کورٹ میں جھنڈے گاڑ رہی ہیں, Khel
شاہین شاہ آفریدی اور پانچ وکٹیں لینے کی پرانی عادت, Khel
’اس اننگز کی قیمت ہمیں مستقبل کے بہت سے میچز میں ادا کرنا پڑی‘, Khel
شاہد آفریدی کی ریکارڈ سنچری، خواب جو چند گھنٹوں بعد حقیقت بن گیا, Khel
عبداللہ شفیق: ’دو وکٹیں جلد گرنے پر بیٹنگ کے لیے آیا تو بہت نروس تھا‘, Khel
اسرائیلی شہری کی پاکستانی کرکٹرز سے والہانہ محبت کی داستان, Khel
سعودی عرب: پہلی بار خواتین کے کھیلوں کے بین الاقوامی ٹورنامنٹ, Khel
سنوکر کے عالمی چیمپیئن کو 18 سالہ نوجوان کے ہاتھوں شکست, Khel
’پتر تُسی مینوں اجیت پال سمجھ رئے سی؟‘, Khel
سرخ نوٹ بک والے متحرک پروفیسر ڈینو, Khel
آئی پی ایل: کھلاڑیوں کے لیے کورونا سے بھی بڑی مشکل کیا ہو سکتی ہے؟, Khel
ٹیبل ٹینس: وہ بھی کیا اچھے دن ہوا کرتے تھے, Khel
عمران خان سے ملاقات: مصباح الحق، اظہر علی اور محمد حفیظ مایوس لوٹے, Khel
جب عمران خان نے تماشائی لڑکے کا گلا دبوچ لیا, Khel
اوساکا کی ازارنکا کو شکست: تیسرا گرینڈ سلام ٹائٹل جیتنے پر دنیا بھر میں چرچے, Khel
سکواش کے تین بڑے پاکستانی کھلاڑی جو عالمی چیمپئن نہ بن سکے, Khel
رونالڈو سے بھی زیادہ گول کرنے والے علی داعی کون ہیں؟, Khel
’صرف عمر کی بنیاد پر سینیئر کرکٹرز کو نظر انداز نہیں کرسکتے‘, Khel
لائن جج کو گیند مارنے پر جوکووچ یو ایس اوپن ٹینس ٹورنامنٹ سے باہر, Khel
پاکستانی بہنیں جنھوں نے والد کے خوابوں کو ایک منفرد تعبیر دی, Khel
سینیگال کی پہلی خاتون سرفر سے ملیے, Khel
وہاب ریاض وہ بولر نہیں جنھیں بھلا دیا جائے, Khel
پی ایس ایل 5: ملتوی شدہ چاروں میچز نومبر میں منعقد کرنے کا فیصلہ, Khel
’جانی جتنا بتاتے وہ میرے بارے میں اتنا برا بھی نہیں ہوں۔۔۔‘, Khel
ڈریسنگ روم سے مشورے، پیغامات نہیں آتے: بابر اعظم, Khel
کچھ چیزیں تجربے سے ہی آتی ہیں!, Khel
حیدرعلی: ’یہ سپیشل ٹیلنٹ معلوم ہوتا ہے‘, Khel
’لیکن تب تک سبھی محمد عامر بن چکے تھے‘, Khel
ٹی 20 سیریز: مورگن اور ملان نے انگلینڈ کی جیت پر مہر لگا دی, Khel
’نئی کِٹ میں سنہ 1999 کی ورلڈ کپ کِٹ کی جھلک ہے‘, Khel
’۔۔۔ یا سکندر بخت ایک بار پھر مٹھائیاں بانٹیں گے‘, Khel
بابر اعظم: لوگوں کی توقعات پر پورا نہ اتروں تو افسوس ہوتا ہے, Khel
ٹی20 کرکٹ پاکستان کا پسندیدہ فارمیٹ کیوں, Khel
سپاٹ فکسنگ سکینڈل کے 10 سال: دنیا کو دھوکہ دینے والی تین ’نو بالز‘, Khel
اظہر علی کو مصباح کے سائے سے نکلنا ہو گا!, Khel
اظہر علی: پہلا ٹیسٹ جیت جاتے تو آج سیریز بھی جیت چکے ہوتے, Khel
تیسرا ٹیسٹ ڈرا، محمد رضوان سیریز کے بہترین کھلاڑی قرار، اینڈرسن کی 600 وکٹیں, Khel
کیا یہ انگلینڈ میں کھیلنے والا سب سے غیر مؤثر پاکستانی بولنگ اٹیک ہے؟, Khel
بائرن میونخ نے چھٹی مرتبہ چیمپیئنز لیگ جیت لی, Khel
محمد رضوان: مجھے کسی بولر کا ڈر خوف نہیں ہوتا, Khel
پاکستان کی پوری ٹیم 273 رنز پر آؤٹ، آج دوسری اننگز کا آغاز کرے گا, Khel
ایشین بریڈمین ظہیرعباس آئی سی سی ہال آف فیم میں شامل, Khel
نائٹ واچ مین نہ بھیجنے کا فیصلہ درست تھا: فواد عالم, Khel
’یہاں شام کتنے بجے ہوتی ہے بھئی؟‘, Khel
مشتاق احمد: ’ناتجربہ کار بولنگ اٹیک میں یاسر شاہ پر دباؤ ہے‘, Khel
'مرد اُف تک نہ کرے، یہ کہاں کا انصاف ہے', Fun Funkar
انڈین کامیڈین بھارتی سنگھ گھر سے منشیات برآمد ہونے پر گرفتار, Fun Funkar
انڈیا سے لندن پہنچنے والا غریب بیلے ڈانسر, Fun Funkar
’کہے دل جدھر‘ سے پہلے جنید خان نے کبھی کیمرے پر ڈانس نہیں کیا تھا, Fun Funkar
سشمیتا سین: ’بہترین تحفہ‘ 45ویں سالگرہ پر ملا ہے, Fun Funkar
شوہر کا 20 سال پرانا خواب پورا کرنے کے لیے شو میں جانے والی خاتون کروڑ پتی بن گئیں, Fun Funkar
’اگر میں بیٹیوں کا باپ نہ ہوتا تو شاید اتنا پراگریسیو نہ ہوتا‘, Fun Funkar
’پہلے کہتے ہیں یہ تو بس روتی رہتی ہیں، جب رلاتی ہوں تو برداشت نہیں ہوتا‘, Fun Funkar
ہمالیہ کے پراسرار تفریحی مقام پر قتل: اگاتھا کرسٹی کی کہانی بالی وڈ میں, Fun Funkar
وہ ملاقات جس نے سونیا حسین کو ’سراب‘ میں کام کرنے پر آمادہ کیا, Fun Funkar
'مرد اُف تک نہ کرے، یہ کہاں کا انصاف ہے', Fun Funkar
انڈین کامیڈین بھارتی سنگھ گھر سے منشیات برآمد ہونے پر گرفتار, Fun Funkar
انڈیا سے لندن پہنچنے والا غریب بیلے ڈانسر, Fun Funkar
’کہے دل جدھر‘ سے پہلے جنید خان نے کبھی کیمرے پر ڈانس نہیں کیا تھا, Fun Funkar
سشمیتا سین: ’بہترین تحفہ‘ 45ویں سالگرہ پر ملا ہے, Fun Funkar
شوہر کا 20 سال پرانا خواب پورا کرنے کے لیے شو میں جانے والی خاتون کروڑ پتی بن گئیں, Fun Funkar
’اگر میں بیٹیوں کا باپ نہ ہوتا تو شاید اتنا پراگریسیو نہ ہوتا‘, Fun Funkar
’پہلے کہتے ہیں یہ تو بس روتی رہتی ہیں، جب رلاتی ہوں تو برداشت نہیں ہوتا‘, Fun Funkar
ہمالیہ کے پراسرار تفریحی مقام پر قتل: اگاتھا کرسٹی کی کہانی بالی وڈ میں, Fun Funkar
وہ ملاقات جس نے سونیا حسین کو ’سراب‘ میں کام کرنے پر آمادہ کیا, Fun Funkar
’جون ہونا کوئی مذاق نہیں‘, Fun Funkar
شرم کا تصور جو عورتوں کے پاؤں کی بیڑیاں بنے اس شرم کو بھول جانا چاہیے: سوارا, Fun Funkar
’بے بی شارک‘ یوٹیوب پر سب سے زیادہ دیکھی جانے والی ویڈیو بن گئی, Fun Funkar
جیمز بانڈ کا کردار نبھانے والے شان کونری 90 برس کی عمر میں وفات پا گئے, Fun Funkar
سری لنکن کرکٹر مرلی دھرن کی زندگی پر بننے والی فلم تنازعات کا شکار کیوں؟, Fun Funkar
پاکستانی اداکار علی خان اب برطانوی فلم میں نظر آئیں گے, Fun Funkar
کم کارڈیشیئن کی نجی جزیرے پر ’عاجزانہ‘ سالگرہ پارٹی پر کڑی تنقید, Fun Funkar
'لکشمی بم‘ کے اکشے: ’میں اس ایریا کی رانی ہوں‘, Fun Funkar
نمل نالج سٹی: ’علی ظفر کو اچانک سے کام اور پذیرائی ملنا شروع ہو گئی ہے‘, Fun Funkar
جنھوں نے ’ثبات‘ ڈرامہ نہیں دیکھا ’کیا وہ واقعی پاکستانی ہیں؟‘, Fun Funkar
آمنہ مفتی کا کالم: پاکستان اور ویب سیریز, Fun Funkar
ڈی ڈی ایل جے: جب نوجوانوں پر راج اور سمرن کا خمار چھایا تھا, Fun Funkar
جانی لیور کی بیٹی بھی اپنے والد کے نقشِ قدم پر, Fun Funkar
پاکستانی مرد سیلیبرٹیز نیل پالش لگا کر سوشل میڈیا پر تصاویر کیوں شیئر کر رہے ہیں؟, Fun Funkar
’مجھے علم نہیں تھا کہ اپنی غلطی تسلیم کرنا اتنا مشکل ہوسکتا ہے‘, Fun Funkar
کنگنا رناوت اس بار بالی وڈ ستاروں پر کیوں برس رہی ہیں؟, Fun Funkar
شاہ رخ، سلمان اور عامر خان کی پروڈکشن کمپنیوں سمیت بالی وڈ پروڈیوسرز کا انڈین چینلز پر مقدمہ, Fun Funkar
’کوہلی کی اننگز پر اب سب انوشکا کا شکریہ ادا کریں‘, Fun Funkar
’پابندی حل نہیں، اس طرح تو کل کو سارا انٹرنیٹ بند کرنا پڑے گا‘, Fun Funkar
ایرانی ثقافت اور موسیقی کے ’بین الاقوامی سفیر‘ شجریان کون تھے؟, Fun Funkar
مرزاپور کے گڈو بھائی ’علی فضل‘: ’کردار کی تیاری میں ماموؤں سے متاثر ہوا‘, Fun Funkar
ریا چکرورتی کے جیل میں شب و روز اور ان کی والدہ کے دل میں خودکشی کے خیالات, Fun Funkar
ریا چکرورتی کو منشیات کیس میں مشروط ضمانت مل گئی, Fun Funkar
گالا بسکٹ اشتہار پر بحث: ’کیا معاشرے کو ہنستی، مسکراتی، گاتی، جھومتی خواتین سے نفرت ہے؟‘, Fun Funkar
انڈین صارفین ویب سیریز ’مرزاپور 2‘ کا بائیکاٹ کیوں چاہتے ہیں؟, Fun Funkar
فیشن شو میں چلنے والے گانے کے بول میں حدیث، ریحانہ کی معذرت, Fun Funkar
اجے دیوگن کے بھائی انل دیوگن انتقال کر گئے, Fun Funkar
مس مارول کا ’متنوع کردار‘ خواتین کے لیے دلچسپی کا باعث کیوں ہے؟, Fun Funkar
کپل شرما شو کے بعد ’ارنب گوسوامی کے حامی بڑے صدمے میں ہوں گے‘, Fun Funkar
برطانیہ میں ریکارڈ ہونے والا پہلا پشتو نغمہ اور مردانہ کپڑوں والی گلوکارہ, Fun Funkar
ریپ کے الزام میں سزا یافتہ ہاروی وائن سٹائن پر جنسی حملے کے مزید چھ الزامات, Fun Funkar
پشاور میں دلیپ کمار کا گھر، ان کی یادیں اور خواہش, Fun Funkar
’یہ پھندے سے لٹک کر خود کشی کرنے کا معاملہ ہے‘: ایمز کی رپورٹ, Fun Funkar
بریٹن گاٹ ٹیلنٹ: اپنی آواز کا جادو جگانے والی پاکستانی نژاد برطانوی گلوگارہ سیرین جہانگیر, Fun Funkar
جیمز بانڈ کی نئی فلم کی ریلیز ایک بار پھر ملتوی, Fun Funkar
جب بورات لڑکی لے کر امریکی نائب صدر کی ریلی میں پہنچ گئے, Fun Funkar
شاہ رخ کی بیٹی کو ’بدصورت‘ کیوں کہا جاتا تھا؟, Fun Funkar
انور جلال شمزا کے فن پارے خاندان کو واپس کیے جانے پر سوال کیوں اٹھ رہے ہیں؟, Fun Funkar
’کے پوپ‘ گروپ بی ٹی ایس کے ساتوں اراکین اکتوبر میں کروڑ پتی بننے والے ہیں, Fun Funkar
جاپانی اداکارہ یوکو ٹیکوچی اپنے گھر میں مردہ حالت میں پائی گئیں, Fun Funkar
پشاور میں دلیپ کمار اور راج کپور کے گھروں کو محکمۂ آثارِ قدیمہ کو دینے کا فیصلہ, Fun Funkar
کیا لبرل بالی وڈ اب قوم پرستوں کے نشانے پر ہے؟, Fun Funkar
کورونا وائرس سے متاثرہ فلم انڈسٹری چھوٹی سکرین پر تکیہ کرنے پر مجبور, Fun Funkar
بالی وڈ ستاروں کی پیشیاں اور سلمان کہاں اگا رہے ہیں چاول, Fun Funkar
پشتون، پختون اور پشتین: ’کیا حقوق کا مطالبہ ہمیں انتہا پسند بناتا ہے؟‘, Fun Funkar
بالی وڈ میں منشیات کا استعمال، دپیکا پاڈوکون سمیت متعدد ستارے تحقیقات کے لیے طلب, Fun Funkar
گلوکار جان لینن کے قاتل کا اپنے اقدام پر ’سخت ندامت‘ کا اظہار, Fun Funkar
لسوڑی شاہ کا نصرت، نصرت فتح علی خان کیسے بنا, Fun Funkar
جب ایک دل جلے بیک پیکر کی انڈیا میں ’دی بیٹلز‘ سے ملاقات ہوئی, Fun Funkar
عفت عمر: ’جب آپ طنز کرتے ہیں تو وہ اتنا ہی کڑوا ہوتا ہے‘, Fun Funkar
وہ دور جب کراچی کے ہر کونے میں ایک سینما تھا, Fun Funkar
’آپ کی بیٹی پھانسی پر لٹک جاتی تو کیا تب بھی آپ یہی کہتیں‘, Fun Funkar
ایم ایف حسین نے ہندو دیویوں کو برہنہ پینٹ کیوں کیا؟, Fun Funkar
’عین ممکن ہے کہ اُن کی نیت بالکل ٹھیک ہو لیکن یہ کیا ہے‘, Fun Funkar
بالی وڈ میں منشیات کے استعمال کی کہانی, Fun Funkar
میجر عزیز بھٹی کا کردار نبھانے کے لیے برسوں انتظار کیا, Fun Funkar
’حکومت بھی خوش ہے کوئی ان سے معیشت کے بارے میں نہیں پوچھ رہا‘, Fun Funkar
کنگنا رناوت شِو سینا سے کس کی ایما پر ٹکر لے رہی ہیں؟, Fun Funkar
’جمہوریت کی موت‘: کنگنا رناوت نے اپنی ٹویٹ میں پاکستان کا نام کیوں لیا؟, Fun Funkar
لاک ڈاؤن میں بننے والی پہلی انڈین فلم جو ’جگاڑ‘ لگا کر بنائی گئی, Fun Funkar
سشانت سنگھ راجپوت: بولی وڈ اداکارہ ریا چکرورتی گرفتار, Fun Funkar
نعمان اعجاز کا عفت عمر کے ساتھ ’پرانا‘ انٹرویو کیوں وائرل ہوا؟, Fun Funkar
گوچی کی سب سے زیادہ پسند کی جانے والی انسٹا پوسٹ کے پیچھے کن خواتین کا ہاتھ ہے؟, Fun Funkar
’یاسر حسین، آپ کسی کو کچرا کیسے کہہ سکتے ہیں؟‘, Fun Funkar
کیا آپ نے پاکستان کی یہ دس ’بہترین‘ فلمیں دیکھی ہیں؟, Fun Funkar
’میڈیا ایک لڑکی کو شیطان کے طور پر پیش کر رہا ہے‘, Fun Funkar
’پوری دنیا کو بتاؤں گا میں بھی یہ کر سکتا ہوں، محتاجی تو نہیں ہونی چاہیے‘, Fun Funkar
چاڈ وک بوس مین: بلیک پینتھر فلم کے مرکزی اداکار کینسر کے باعث انتقال کر گئے, Fun Funkar
کنگنا کے ٹوئٹر پر ’ہر روز ہزاروں فالوور کم‘ کیوں ہو رہے ہیں؟, Fun Funkar
سوشانت کی گرل فرینڈ کا ’میڈیا ٹرائل‘: ’ریا انٹرویو نہیں، تفتیش کی مستحق ہیں‘, Fun Funkar
بالی وڈ راؤنڈ اپ: بیٹی کے بالی وڈ میں آنے پر سیف ناخوش!, Fun Funkar
’انوشکا اور کوہلی کی خوشخبری، اب تیمور کا کیا ہو گا‘, Fun Funkar
’جج نے کہا کہ نئے البم سے جسم فروشی کی حوصلہ افزائی ہوگی‘, Fun Funkar
عامر خان چین میں کیوں زیادہ مقبول؟ آر ایس ایس کے میگزین میں تنقید, Fun Funkar
اداکارہ عتیقہ اوڈھو: ’نو سال اذیت ناک تھے، سو بار عدالت گئی، آج انصاف ملا‘, Fun Funkar
بالی وڈ ڈائری: کنگنا کی ٹوئٹر پر عامر خان کا نام لے کر دھماکے دار انٹری, Fun Funkar
برٹنی سپیئرز: ’میری ذاتی زندگی سے والد کے کنٹرول کو ختم کیا جائے‘, Fun Funkar
’طاقتور کے سامنے سچ بولنے والے‘ حسن منہاج کا شو بند, Fun Funkar
مسجد میں گانے کی شوٹنگ پر صبا قمر اور بلال سعید کے خلاف مقدمہ درج, Fun Funkar
دی کارگل گرل: ’فلم میں انڈین فضائیہ کی غلط تصویر پیش کی گئی‘, Fun Funkar
زندگی کے آغاز کے بارے میں ڈاروِن کے نظریات درست تھے؟, Science
آکسفورڈ ویکسین: سائنسدانوں نے یہ اتنی جلدی کیسے بنا لی؟, Science
مہنگی ڈگری کے بغیر بھی آن لائن کمائی ممکن!, Science
ارنب گوسوامی: انڈیا کے سب سے ’مقبول‘ اور ’ناپسندیدہ‘ ٹی وی اینکر, Science
’بائیکاٹ نیٹ فلکس‘: مندر میں بوسے کی فلمبندی پر سوشل میڈیا پر ہنگامہ, Science
خلا سے گِرنے والا پتھر جو 18 لاکھ ڈالر میں فروخت نہ ہوسکا, Science
پہلی صدی کے رئیس اور اس کے غلام کی لاشیں دریافت, Science
نرس اریما نسرین کی یاد میں سکالرشپ کا آغاز, Science
انٹرنیٹ نگرانی کے قواعد: ’حکومت کو ناقدین کے گرد گھیرا تنگ کرنےمیں آسانی ہو گی‘, Science
برطانیہ کی نئی ’نیشنل سائبر فورس‘ کا کیا کام ہے؟, Science
زندگی کے آغاز کے بارے میں ڈاروِن کے نظریات درست تھے؟, Science
آکسفورڈ ویکسین: سائنسدانوں نے یہ اتنی جلدی کیسے بنا لی؟, Science
مہنگی ڈگری کے بغیر بھی آن لائن کمائی ممکن!, Science
ارنب گوسوامی: انڈیا کے سب سے ’مقبول‘ اور ’ناپسندیدہ‘ ٹی وی اینکر, Science
’بائیکاٹ نیٹ فلکس‘: مندر میں بوسے کی فلمبندی پر سوشل میڈیا پر ہنگامہ, Science
خلا سے گِرنے والا پتھر جو 18 لاکھ ڈالر میں فروخت نہ ہوسکا, Science
پہلی صدی کے رئیس اور اس کے غلام کی لاشیں دریافت, Science
نرس اریما نسرین کی یاد میں سکالرشپ کا آغاز, Science
انٹرنیٹ نگرانی کے قواعد: ’حکومت کو ناقدین کے گرد گھیرا تنگ کرنےمیں آسانی ہو گی‘, Science
برطانیہ کی نئی ’نیشنل سائبر فورس‘ کا کیا کام ہے؟, Science
’بارڈر کے اِس پار بھی بمبئی بیکری ہے جو برسوں سے چل رہی ہے‘, Science
خادم حسین رضوی: ’اختلاف کے باوجود کبھی ان کے مرنے کی خواہش نہیں کی‘, Science
ایوبی شہزادوں کے دربار سے منگول خیموں تک، ایک شہزادی کی کہانی, Science
ٹیپو سلطان، متعصب جہادی یا روادار حکمران؟, Science
’اصل مرد وہ ہوتا ہے، جس کو درد ہوتا ہے‘, Science
سالم اناج، پھلیاں اور دیگر ’پراسیسڈ غذائیں‘ جو آپ کی صحت کے لیے مفید ہیں, Science
کملا ہیرس سے متعلق نفرت انگیز مواد شائع ہونے پر فیس بک کے نظام پر پھر سے سوال, Science
خاتون جس نے دو انسانی سروں کو بیگ میں ڈال کر طیارے میں سفر کیا, Science
سابق پولیس انسپکٹر جو پُرانے ساتھیوں کو سڑک پر بھیک مانگتے ہوئے ملے, Science
’مسئلہ میری بیوی میں نہیں مجھ میں ہے اور اب میں اپنا علاج کروا رہا ہوں‘, Science
عمران خان: ہم نے جلسے جلوسوں پر پابندی لگا دی ہے امید ہے باقی بھی یہی کریں گے, Science
گاندھی کو ’ہیرو‘ کہنے والے ان کے قاتل کو ’محب وطن‘ کیسے کہہ سکتے ہیں؟, Science
سوشل میڈیا پر معلومات کی افراتفری کو کیسے ختم کیا جا سکتا ہے؟, Science
کووِڈ 19: لاک ڈاؤن میں تنہا لوگوں کو پیار کا جھانسہ دینے والے فراڈیے, Science
شمالی کوریا لوگوں کو سگریٹ نوشی ترک کروانے کے لیے کیا کر رہا ہے؟, Science
وہ سیارہ جہاں پتھروں کی بارش ہوتی ہے اور لاوا کے سمندر بنتے ہیں, Science
کیا محمد علی جناح نے اپنی اکلوتی بیٹی کو عاق کردیا تھا؟, Science
بڑی ٹیکنالوجی کمپنیاں انٹرنیٹ پر آپ کی آزادی کیسے سلب کر رہی ہیں؟, Science
کورونا وائرس ویکسین پر تحقیق: شمالی کوریا اور روس کے ہیکرز کے سائبر حملے, Science
پاکستان میں نئی کمپنیوں کی رجسٹریشن میں اضافے کی وجوہات کیا ہیں؟, Science
بی اماں، محمد علی کی ۔۔۔, Science
اگر مہینے کی تاریخ 13 اور دن جمعہ ہو تو اس میں کیا برائی ہے؟, Science
مقبول اداکار آصف بسرا کی مبینہ خودکشی، بالی وڈ میں ایک بار پھر غم کے ڈیرے, Science
وائرل ویڈیو میں چار سالہ بچی کو ’سنا تو میں کانپنے اور رونے لگی ‘, Science
’دو گھنٹے کے سکول سے زیادہ مجھے اپنے بچے کی جان عزیز ہے‘, Science
کیا ایک ویڈیو پاکستان میں خواتین کو ہراساں کیے جانے کی حقیقت کو کم کر سکتی ہے؟, Science
کورونا وائرس: کیا پاکستانی حکومت سینما گھروں، تھیٹرز اور مزاروں کو بند کرنے لگی ہے, Science
انڈیا لو پراجیکٹ: ’ممنوع‘ شادیوں کی داستانیں سنانے والا انسٹاگرام اکاؤنٹ, Science
سنگلز ڈے: دنیا بھر میں لوگ اربوں ڈالرز کی آن لائن شاپنگ کے لیے تیار, Science
20 کروڑ میں شادی یا 20 ہزار میں: آپ شادی پر کتنا خرچ کرنا چاہیں گے؟, Science
برطانیہ ’کورونا ویکسین کی فراہمی کے لیے تیار‘، پاکستان کے نئی ویکسین پر تحفظات, Science
دنیا میں کورونا کہاں کہاں: جانیے نقشوں اور چارٹس کی مدد سے, Science
کورونا وائرس اس قدر مہلک کیوں ہے؟, Science
کورونا وائرس کی علامات کیا ہیں اور اس سے کیسے بچیں؟, Science
وہ ملاقات جس نے سونیا حسین کو ’سراب‘ میں کام کرنے پر آمادہ کیا, Science
گلگت بلتستان میں تیر چلے گا، شیر دھاڑے گا یا بلا سب پر بھاری ہوگا؟, Science
’میں بے باک لڑکی ہوں لیکن اس لمحے میرا سانس رُک گیا‘, Science
کورونا ویکسین کے پیچھے ترک نژاد جوڑے کی کہانی, Science
دولہا دلہن پریشان: کسی کے جوڑے تیار، کسی کو بکنگ کرانے سے پہلے آخری لمحے پتہ چل گیا, Science
ارنب گوسوامی کی ضمانت مسترد، ’اب تو انھیں بی جے پی بھی نہیں بچا سکتی‘, Science
کیپٹن صفدر کا کورونا ٹیسٹ مثبت، ملک میں آٹھویں روز بھی ہزار سے زیادہ نئے مریض, Science
مغل حرم سے منسلک عیش و نشاط کے تصور کو بدلنے والی شہزادی, Science
’نامناسب خوراک وزن کے علاوہ بچوں کے قد پر بھی اثر انداز ہوتی ہے‘, Science
کتا شاید انسان کا سب سے پرانا ساتھی ہے, Science
والدین بچوں کے 'سکرین ٹائم' کو کیسے مفید بنا سکتے ہیں؟, Science
کیا نیندرتھالز اور ہمارے آبا و اجداد کے درمیان جنگ سے نیندرتھالز ناپید ہوئے؟, Science
کیا خلا نوردوں کو خلائی سٹیشن چھوڑ کر واپس آ جانا چاہیے؟, Science
’انھوں نے میرے آباؤ اجداد کو چڑیل کہہ کر مار دیا‘, Science
سوشل میڈیا پر غلط بیانی: ’فیک نیوز‘ کے خلاف ایکشن صرف صدر ٹرمپ اور امریکی انتخاب پر کیوں؟, Science
امریکی حکام نے ایک ارب ڈالر کے بِٹ کوائنز ضبط کر لیے, Science
واٹس ایپ پر سات دن بعد میسجز ’غائب‘ کرنے والا فیچر متعارف, Science
ممبئی ہائی کورٹ نے ارنب گوسوامی کو ضمانت دینے سے انکار کر دیا, Science
’ٹرمپ جانی آپ نے سب سے پہلے تو گھبرانا نہیں ہے‘, Science
رنجیت سنگھ کی وہ ’محبوبہ‘ جس نےمہارانی بنے بغیر پنجاب پرحکومت کی, Science
کانوں کی میل سے ذہنی تناؤ کی سطح کا اندازہ لگانا ممکن ہو سکتا ہے, Science
انڈین شہریوں کو زیادہ چینی استعمال کرنے کی ترغیب کیوں دی جا رہی ہے؟, Science
’کیا عورت کو بس ماں، بیوی ہی بننا ہوتا ہے، اُن کی اپنی کوئی زندگی نہیں‘, Science
کیا امریکہ انڈیا کو پاکستان کے حساس علاقوں کے نقشوں تک رسائی فراہم کر سکتا ہے؟, Science
’خودکش‘ خلائی مشن پر جانے والی ’لائیکا‘ خلا میں کتنے دن زندہ رہی؟, Science
غالب اور سر سید: مشکل پسندی سے سہل پسندی کا سفر, Science
کیا انڈین شہری کورونا کے خلاف زیادہ قوت مدافعت رکھتے ہیں؟, Science
امریکہ سے نکالا جانے والا سائنسدان جس نے چین کو خلا میں پہنچا دیا, Science
چین کے 'کاربن سِنک' علاقے ماحول کے لیے کیسے مددگار ثابت ہو رہے ہیں, Science
آپ کی جنسی زندگی کو بہتر بنانے کا وعدہ کرنے والی چند ایپس, Science
پاکستان سمیت مختلف ممالک کورونا وائرس کی ’دوسری لہر‘ کا مقابلہ کیسے کر رہے ہیں؟, Science
مودی سے کنارہ کشی کرنے والا طوطا ’شرمیلا‘ تھا یا ’اینٹی نیشنل‘؟, Science
فرانس سے پاکستانی شہریوں کی مبینہ ملک بدری کی خبریں ’فیک نیوز‘ قرار, Science
ویکسینز میں پائی جانے والی عجیب و غریب اشیا, Science
’انھوں نے پوچھا کہ کیا ہم نے نیچے کپڑے پہن رکھے ہیں؟‘, Science
ایسٹ انڈیا کمپنی جس نے ایک خطے پر راج کیا, Science
غازی علم دین: ملزم اور مقدمہ, Science
’اسقاطِ حمل نہ کروا کر میں نے اپنی زندگی کا بہترین فیصلہ کیا‘, Science
امریکی خفیہ جغرافیائی معلومات انڈیا کے دفاعی نظام کے لیے کتنی اہم ہیں؟, Science
کیا امریکہ واقعی آزاد ریاست ہے؟, Science
فرانسیسی مصنوعات کے بائیکاٹ کی لپیٹ میں ’پاکستانی برانڈ‘ بھی, Science
عالمی بحران کے باوجود بڑی ٹیکنالوجی کمپنیوں کا کاروبار کیسے چمک رہا ہے؟, Science
راولاکوٹ: شہریوں کے تشدد کا نشانہ بننے والے سکیورٹی اہلکاروں کا تعلق کس محکمے سے تھا؟, Science
کورونا: پاکستان میں تین ماہ بعد متاثرین کی یومیہ تعداد ایک ہزار سے زیادہ, Science
گلی محلے کی کرکٹ کی پُرانی چالاکی یورپی لیگ میں بھی کام آ گئی!, Science
لڑکے گڑیا اور لڑکیاں گاڑیوں سے کیوں نہیں کھیل سکتیں؟, Science
